学生ID,学期ID,班级ID,班主任ID
14454,1,901,49
14479,1,901,49
14486,1,901,49
14455,1,901,49
15508,1,939,49
14488,1,901,49
14489,1,901,49
14490,1,901,49
14491,1,901,49
14481,1,901,49
14483,1,901,49
14484,1,901,49
14492,1,901,49
14493,1,901,49
14494,1,901,49
14496,1,901,49
14498,1,901,49
14499,1,901,49
14500,1,901,49
14501,1,901,49
14502,1,901,49
14503,1,901,49
14504,1,901,49
14505,1,901,49
14506,1,901,49
16029,1,928,49
14507,1,901,49
14508,1,901,49
14457,1,901,49
14458,1,901,49
14459,1,901,49
14461,1,901,49
14462,1,901,49
14463,1,901,49
14465,1,901,49
14466,1,901,49
14467,1,901,49
14468,1,901,49
14469,1,901,49
14470,1,901,49
14471,1,901,49
14472,1,901,49
14473,1,901,49
14474,1,901,49
14475,1,901,49
14476,1,901,49
14478,1,901,49
14510,1,901,49
14511,1,901,49
15509,1,939,49
15495,1,939,49
15496,1,939,49
15523,1,939,49
15525,1,939,49
15543,1,939,49
15573,1,939,49
15574,1,939,49
15588,1,939,49
15609,1,939,49
15610,1,939,49
15611,1,939,49
15613,1,939,49
15623,1,939,49
15636,1,939,49
15640,1,939,49
15646,1,928,49
15663,1,928,49
15665,1,928,49
15667,1,928,49
15672,1,928,49
15682,1,928,49
15548,1,939,49
15565,1,939,49
15567,1,939,49
15460,1,939,49
15467,1,939,49
15470,1,939,49
15480,1,939,49
15708,1,928,49
15713,1,928,49
15715,1,928,49
15728,1,928,49
15742,1,928,49
15746,1,928,49
15750,1,928,49
15752,1,928,49
16155,1,939,49
15770,1,928,49
15774,1,928,49
15775,1,928,49
15795,1,928,49
15803,1,928,49
15810,1,928,49
15812,1,928,49
15822,1,928,49
15829,1,928,49
15830,1,928,49
15832,1,928,49
15853,1,928,49
15857,1,928,49
15863,1,928,49
15864,1,928,49
15877,1,928,49
15890,1,928,49
15892,1,928,49
15898,1,928,49
16160,1,939,49
16031,1,928,49
16033,1,928,49
16036,1,928,49
16050,1,928,49
16053,1,928,49
16059,1,928,49
16082,1,939,49
16085,1,939,49
16086,1,939,49
16087,1,939,49
16090,1,939,49
16091,1,939,49
16094,1,939,49
16096,1,939,49
16104,1,939,49
16109,1,939,49
16111,1,939,49
16116,1,939,49
16129,1,939,49
16135,1,939,49
16136,1,939,49
16137,1,939,49
16140,1,939,49
16143,1,939,49
16145,1,939,49
16153,1,939,49
14549,1,907,50
14637,1,907,50
14911,1,912,50
14570,1,907,50
14571,1,907,50
14575,1,907,50
14576,1,907,50
14579,1,907,50
14588,1,907,50
14601,1,907,50
14618,1,907,50
14651,1,907,50
14654,1,907,50
14655,1,907,50
14658,1,907,50
14674,1,907,50
14680,1,907,50
14683,1,907,50
14691,1,907,50
14697,1,907,50
14711,1,907,50
14717,1,907,50
14719,1,907,50
14728,1,907,50
14734,1,907,50
14735,1,907,50
14764,1,907,50
14772,1,907,50
14774,1,907,50
14804,1,907,50
14813,1,907,50
14823,1,907,50
14834,1,907,50
14839,1,907,50
14840,1,907,50
14842,1,907,50
14849,1,907,50
14850,1,907,50
14855,1,907,50
14921,1,912,50
14878,1,907,50
14898,1,912,50
14904,1,912,50
14906,1,912,50
14907,1,912,50
14909,1,912,50
14910,1,912,50
14913,1,912,50
14915,1,912,50
14917,1,912,50
14918,1,912,50
14919,1,912,50
14925,1,912,50
14926,1,912,50
14928,1,912,50
14929,1,912,50
14930,1,912,50
14938,1,912,50
14939,1,912,50
14940,1,912,50
14941,1,912,50
14942,1,912,50
14943,1,912,50
13564,1,925,50
14379,1,925,50
13973,1,925,50
13984,1,925,50
13990,1,925,50
14000,1,925,50
14004,1,925,50
14019,1,925,50
14029,1,925,50
14037,1,907,50
14047,1,925,50
14087,1,925,50
14115,1,925,50
14121,1,925,50
14358,1,925,50
14143,1,925,50
14150,1,925,50
14155,1,925,50
14163,1,925,50
14185,1,925,50
14186,1,925,50
14189,1,925,50
14197,1,925,50
14215,1,925,50
14224,1,925,50
14225,1,925,50
14227,1,925,50
14229,1,925,50
14239,1,925,50
14250,1,925,50
15904,1,940,50
14254,1,925,50
14255,1,925,50
14256,1,925,50
14261,1,925,50
14271,1,925,50
14294,1,925,50
14298,1,925,50
14316,1,925,50
14329,1,925,50
14332,1,925,50
14341,1,925,50
14345,1,925,50
14354,1,925,50
14450,1,925,50
14451,1,925,50
14452,1,925,50
14885,1,912,50
14887,1,912,50
14888,1,912,50
14891,1,912,50
14893,1,912,50
14895,1,912,50
14524,1,907,50
14525,1,907,50
14536,1,907,50
14547,1,907,50
15007,1,912,50
15657,1,933,50
15662,1,933,50
15668,1,933,50
15669,1,933,50
15684,1,933,50
15688,1,933,50
15701,1,933,50
15707,1,933,50
15710,1,933,50
15721,1,933,50
15723,1,933,50
15725,1,933,50
15730,1,933,50
15732,1,933,50
15738,1,933,50
15753,1,933,50
15760,1,933,50
15779,1,933,50
15780,1,933,50
15783,1,933,50
15821,1,933,50
15825,1,933,50
15838,1,933,50
15850,1,933,50
15855,1,933,50
15866,1,933,50
15869,1,933,50
15870,1,933,50
15879,1,933,50
15883,1,933,50
15885,1,933,50
15891,1,933,50
15907,1,940,50
15908,1,940,50
15911,1,940,50
15912,1,940,50
15915,1,940,50
15916,1,940,50
15919,1,940,50
15920,1,940,50
15923,1,940,50
15924,1,940,50
15927,1,940,50
15928,1,940,50
15931,1,940,50
15932,1,940,50
15935,1,940,50
15936,1,940,50
15939,1,940,50
15940,1,940,50
15943,1,940,50
15944,1,940,50
15947,1,940,50
15948,1,940,50
15951,1,940,50
15952,1,940,50
15955,1,940,50
15956,1,940,50
15959,1,940,50
15960,1,940,50
15963,1,940,50
16034,1,933,50
16042,1,933,50
16048,1,933,50
16049,1,933,50
16052,1,933,50
16056,1,933,50
16079,1,933,50
16080,1,933,50
14554,1,903,51
14569,1,903,51
14589,1,903,51
14591,1,903,51
14612,1,903,51
14616,1,903,51
14622,1,903,51
14625,1,903,51
14626,1,903,51
14627,1,903,51
14630,1,903,51
14636,1,903,51
14647,1,903,51
14659,1,903,51
14671,1,903,51
14693,1,903,51
14701,1,903,51
14703,1,903,51
14707,1,903,51
14712,1,903,51
14715,1,903,51
14736,1,903,51
14743,1,903,51
14753,1,903,51
14760,1,903,51
14762,1,903,51
14767,1,903,51
14783,1,903,51
14786,1,903,51
14791,1,903,51
14856,1,903,51
14800,1,903,51
14801,1,903,51
14857,1,903,51
14859,1,903,51
14863,1,903,51
14480,1,903,51
13012,1,914,51
13948,1,916,51
13949,1,916,51
13953,1,918,51
13955,1,916,51
13956,1,916,51
13957,1,916,51
13959,1,916,51
13963,1,916,51
13965,1,916,51
13966,1,916,51
13970,1,918,51
13972,1,916,51
13975,1,916,51
13977,1,916,51
13980,1,916,51
13983,1,916,51
13986,1,918,51
13988,1,918,51
13993,1,918,51
14001,1,916,51
14002,1,916,51
14012,1,916,51
14016,1,918,51
14020,1,916,51
14022,1,916,51
14026,1,916,51
14033,1,916,51
14035,1,916,51
14036,1,916,51
14040,1,916,51
14045,1,918,51
14052,1,916,51
14057,1,916,51
14058,1,916,51
14059,1,916,51
14064,1,918,51
14069,1,918,51
14073,1,916,51
14075,1,918,51
14084,1,918,51
14091,1,918,51
14092,1,916,51
14098,1,916,51
14099,1,918,51
14100,1,916,51
14103,1,918,51
14107,1,918,51
14110,1,916,51
14114,1,916,51
14122,1,918,51
14126,1,918,51
14128,1,916,51
14133,1,916,51
14145,1,916,51
14157,1,918,51
14181,1,916,51
14191,1,918,51
14208,1,918,51
14223,1,918,51
14232,1,918,51
14513,1,903,51
14234,1,918,51
14236,1,918,51
14240,1,918,51
14244,1,914,51
14266,1,918,51
14270,1,918,51
14276,1,918,51
14278,1,918,51
14279,1,918,51
14286,1,918,51
14293,1,918,51
14296,1,918,51
14299,1,918,51
14301,1,918,51
14302,1,916,51
14307,1,918,51
14310,1,918,51
14319,1,918,51
14320,1,918,51
14344,1,916,51
14349,1,918,51
14352,1,918,51
14356,1,918,51
14364,1,918,51
14368,1,918,51
14371,1,916,51
14380,1,914,51
14381,1,914,51
14382,1,914,51
14383,1,914,51
14386,1,914,51
14388,1,914,51
14389,1,914,51
14390,1,914,51
14391,1,914,51
14393,1,914,51
14397,1,914,51
14398,1,914,51
14399,1,914,51
14402,1,914,51
14404,1,914,51
14406,1,914,51
14407,1,914,51
14413,1,914,51
14414,1,914,51
14415,1,914,51
14418,1,914,51
14420,1,914,51
14421,1,914,51
14424,1,914,51
14425,1,914,51
14429,1,914,51
14430,1,914,51
14431,1,914,51
14432,1,914,51
14435,1,914,51
14436,1,914,51
14438,1,914,51
14439,1,914,51
14444,1,914,51
14448,1,914,51
14495,1,903,51
14497,1,903,51
14456,1,903,51
14477,1,903,51
14542,1,903,51
14546,1,903,51
14557,1,902,52
14558,1,902,52
14560,1,902,52
14573,1,902,52
14582,1,902,52
14590,1,902,52
14593,1,902,52
14597,1,902,52
14604,1,902,52
14610,1,902,52
14624,1,902,52
14628,1,902,52
14676,1,902,52
14643,1,902,52
14645,1,902,52
14646,1,902,52
14648,1,902,52
14653,1,902,52
14908,1,911,52
14656,1,902,52
14679,1,902,52
14695,1,902,52
14726,1,902,52
14737,1,902,52
14739,1,902,52
14741,1,902,52
14749,1,902,52
14758,1,902,52
14922,1,911,52
14769,1,902,52
14776,1,902,52
14782,1,902,52
14788,1,902,52
14815,1,902,52
14827,1,902,52
14829,1,902,52
14865,1,902,52
14896,1,911,52
14897,1,911,52
14899,1,911,52
14900,1,911,52
14901,1,911,52
14902,1,911,52
14903,1,911,52
14905,1,911,52
14912,1,911,52
14916,1,911,52
14923,1,911,52
14924,1,911,52
14931,1,911,52
14932,1,911,52
14933,1,911,52
14934,1,911,52
14935,1,911,52
14936,1,911,52
14937,1,911,52
14969,1,913,52
15512,1,938,52
13998,1,922,52
14010,1,922,52
14023,1,922,52
14034,1,922,52
14049,1,922,52
14062,1,922,52
14065,1,922,52
14093,1,922,52
14096,1,922,52
14101,1,922,52
14105,1,922,52
14108,1,922,52
14113,1,922,52
14131,1,922,52
14158,1,922,52
14165,1,922,52
14192,1,922,52
14201,1,922,52
14213,1,922,52
14217,1,922,52
14226,1,922,52
14235,1,922,52
14238,1,922,52
14283,1,922,52
14285,1,922,52
14300,1,922,52
14581,1,902,52
14967,1,913,52
14303,1,922,52
14306,1,922,52
14309,1,922,52
14312,1,922,52
14314,1,922,52
14317,1,922,52
14318,1,922,52
14322,1,922,52
14323,1,922,52
14333,1,922,52
14338,1,922,52
14350,1,922,52
14365,1,922,52
14366,1,922,52
14367,1,922,52
14374,1,922,52
14375,1,922,52
14378,1,922,52
14884,1,911,52
14886,1,911,52
14889,1,911,52
14890,1,911,52
14892,1,911,52
14894,1,911,52
14482,1,902,52
14487,1,902,52
14460,1,902,52
14464,1,902,52
14964,1,913,52
14965,1,913,52
14966,1,913,52
14512,1,902,52
14537,1,902,52
14544,1,902,52
14545,1,902,52
14968,1,913,52
14945,1,913,52
14946,1,913,52
14947,1,913,52
14948,1,913,52
14949,1,913,52
14950,1,913,52
14951,1,913,52
14953,1,913,52
14954,1,913,52
14955,1,913,52
14956,1,913,52
14957,1,913,52
14958,1,913,52
14959,1,913,52
14960,1,913,52
14961,1,913,52
14962,1,913,52
14963,1,913,52
14970,1,913,52
14971,1,913,52
14972,1,913,52
14973,1,913,52
14974,1,913,52
14975,1,913,52
14976,1,913,52
14977,1,913,52
14978,1,913,52
14979,1,913,52
14980,1,913,52
14981,1,913,52
14982,1,913,52
14983,1,913,52
14984,1,913,52
14985,1,913,52
14986,1,913,52
14987,1,913,52
14988,1,913,52
14989,1,913,52
14990,1,913,52
14991,1,913,52
14992,1,913,52
14993,1,913,52
14994,1,913,52
14995,1,913,52
14996,1,913,52
14997,1,913,52
14998,1,913,52
14999,1,913,52
15000,1,913,52
15001,1,913,52
15009,1,913,52
15484,1,938,52
15491,1,938,52
15494,1,938,52
15501,1,938,52
15522,1,938,52
15531,1,938,52
15532,1,938,52
15535,1,938,52
15579,1,938,52
15586,1,938,52
15599,1,938,52
15604,1,938,52
15608,1,938,52
15621,1,938,52
15634,1,938,52
15639,1,938,52
15506,1,938,52
15514,1,938,52
16162,1,938,52
15544,1,938,52
15553,1,938,52
15554,1,938,52
15555,1,938,52
15556,1,938,52
15559,1,944,52
15458,1,938,52
15461,1,938,52
15462,1,938,52
15466,1,938,52
15468,1,938,52
15476,1,938,52
15479,1,938,52
16081,1,938,52
16083,1,938,52
16089,1,938,52
16100,1,938,52
16105,1,938,52
16106,1,938,52
16112,1,938,52
16117,1,938,52
16127,1,938,52
16128,1,938,52
16147,1,938,52
16148,1,938,52
16158,1,938,52
14561,1,908,53
14562,1,908,53
14585,1,908,53
14586,1,908,53
14595,1,908,53
14598,1,908,53
14609,1,908,53
14619,1,908,53
14632,1,908,53
14642,1,908,53
14664,1,908,53
14665,1,908,53
14670,1,908,53
14672,1,908,53
14677,1,908,53
14686,1,908,53
14692,1,908,53
14871,1,908,53
14710,1,908,53
14722,1,908,53
14756,1,908,53
14768,1,908,53
14784,1,908,53
14798,1,908,53
14806,1,908,53
14817,1,908,53
14821,1,908,53
14822,1,908,53
14835,1,908,53
14844,1,908,53
14846,1,908,53
14852,1,908,53
14872,1,908,53
14050,1,908,53
14516,1,908,53
14518,1,908,53
14522,1,908,53
14526,1,908,53
14535,1,908,53
14539,1,908,53
15648,1,926,53
15656,1,926,53
15674,1,926,53
15677,1,926,53
15692,1,926,53
15697,1,926,53
15706,1,926,53
15709,1,926,53
15714,1,926,53
15716,1,926,53
15717,1,926,53
15722,1,926,53
15737,1,926,53
15739,1,926,53
15743,1,926,53
15755,1,926,53
15756,1,926,53
15758,1,926,53
15762,1,926,53
15767,1,926,53
15769,1,926,53
15773,1,926,53
15784,1,926,53
15788,1,926,53
15800,1,926,53
15804,1,926,53
15805,1,926,53
15808,1,926,53
15813,1,926,53
15814,1,926,53
15824,1,926,53
15826,1,926,53
15837,1,926,53
15839,1,926,53
15849,1,926,53
15859,1,926,53
15875,1,926,53
15878,1,926,53
15882,1,926,53
15888,1,926,53
14551,1,909,54
14552,1,905,54
14553,1,909,54
14556,1,909,54
14566,1,905,54
14568,1,905,54
14572,1,905,54
14574,1,905,54
14578,1,909,54
14580,1,905,54
14594,1,905,54
14596,1,905,54
14600,1,905,54
14603,1,909,54
14720,1,909,54
14613,1,905,54
14617,1,905,54
14640,1,909,54
14650,1,905,54
14660,1,909,54
14662,1,905,54
14663,1,909,54
14682,1,909,54
14684,1,905,54
14688,1,909,54
14694,1,905,54
14698,1,905,54
14705,1,905,54
14718,1,905,54
14721,1,905,54
14723,1,905,54
14724,1,909,54
14725,1,909,54
14727,1,909,54
14731,1,905,54
14732,1,909,54
14733,1,909,54
14738,1,909,54
14745,1,905,54
14748,1,905,54
14750,1,909,54
14751,1,909,54
14755,1,905,54
14763,1,909,54
14770,1,905,54
14775,1,905,54
14779,1,905,54
14780,1,909,54
14781,1,909,54
14785,1,905,54
14787,1,909,54
14793,1,909,54
14795,1,909,54
14799,1,909,54
14808,1,905,54
14811,1,905,54
14812,1,909,54
14816,1,905,54
14876,1,909,54
14826,1,909,54
14828,1,905,54
14831,1,905,54
14832,1,909,54
14836,1,909,54
14838,1,909,54
14841,1,905,54
14843,1,905,54
14861,1,909,54
14882,1,905,54
14866,1,905,54
14867,1,905,54
14868,1,905,54
14873,1,909,54
14881,1,909,54
14914,1,909,54
14920,1,909,54
14927,1,909,54
15483,1,934,54
13947,1,921,54
13950,1,921,54
13951,1,921,54
13952,1,921,54
13954,1,921,54
13958,1,921,54
13962,1,921,54
13964,1,921,54
13968,1,917,54
13969,1,921,54
13974,1,921,54
13976,1,921,54
13978,1,921,54
13981,1,921,54
13982,1,921,54
13985,1,921,54
13987,1,921,54
13991,1,915,54
13995,1,921,54
13996,1,921,54
13997,1,921,54
13999,1,921,54
14003,1,921,54
14005,1,921,54
14006,1,915,54
14021,1,921,54
14024,1,921,54
14025,1,921,54
14030,1,921,54
14031,1,921,54
14039,1,921,54
14041,1,921,54
14048,1,921,54
14053,1,917,54
14054,1,917,54
14066,1,917,54
14068,1,917,54
14082,1,917,54
14083,1,921,54
14085,1,921,54
14089,1,921,54
14095,1,917,54
14097,1,917,54
14106,1,917,54
14111,1,921,54
14112,1,917,54
14123,1,917,54
14130,1,917,54
14137,1,921,54
14142,1,921,54
14146,1,921,54
14148,1,921,54
14152,1,921,54
14156,1,917,54
14159,1,917,54
14168,1,917,54
14174,1,917,54
14179,1,917,54
14183,1,917,54
14187,1,917,54
14188,1,921,54
14202,1,917,54
14207,1,917,54
14209,1,917,54
14210,1,917,54
14212,1,921,54
14218,1,921,54
14221,1,921,54
14237,1,921,54
14246,1,917,54
14247,1,917,54
14249,1,917,54
14252,1,917,54
14257,1,917,54
14259,1,917,54
14260,1,917,54
14262,1,921,54
14267,1,917,54
14280,1,921,54
14287,1,917,54
14288,1,917,54
14290,1,917,54
14295,1,917,54
14305,1,917,54
14315,1,917,54
14321,1,917,54
14327,1,917,54
14337,1,917,54
14339,1,917,54
14340,1,921,54
14384,1,915,54
14385,1,915,54
14387,1,915,54
14392,1,915,54
14394,1,915,54
14395,1,915,54
14396,1,915,54
14400,1,915,54
14401,1,915,54
14403,1,915,54
14405,1,915,54
14408,1,915,54
14409,1,915,54
14410,1,915,54
14411,1,915,54
14412,1,915,54
14416,1,915,54
14417,1,915,54
14422,1,915,54
14423,1,915,54
14426,1,915,54
14427,1,915,54
14428,1,915,54
14433,1,915,54
14434,1,915,54
14437,1,915,54
14440,1,915,54
14441,1,915,54
14442,1,915,54
14443,1,915,54
14445,1,915,54
14446,1,915,54
14447,1,915,54
14453,1,917,54
14514,1,905,54
14515,1,905,54
14519,1,905,54
14520,1,909,54
15513,1,934,54
14523,1,909,54
14527,1,905,54
14543,1,909,54
14944,1,909,54
15003,1,909,54
15497,1,934,54
15499,1,934,54
15507,1,934,54
15519,1,934,54
15528,1,934,54
15529,1,934,54
15536,1,934,54
15541,1,934,54
15571,1,934,54
15572,1,934,54
15575,1,934,54
15580,1,934,54
15583,1,934,54
15597,1,934,54
15600,1,934,54
15602,1,934,54
15605,1,934,54
15614,1,934,54
15615,1,934,54
15618,1,934,54
15620,1,934,54
15625,1,934,54
15626,1,934,54
15628,1,934,54
15631,1,934,54
15632,1,934,54
15633,1,934,54
15641,1,934,54
15645,1,934,54
15647,1,927,54
15651,1,927,54
15654,1,927,54
15661,1,927,54
15524,1,934,54
15670,1,927,54
15673,1,927,54
15683,1,927,54
15546,1,934,54
15547,1,934,54
15550,1,934,54
15566,1,934,54
15568,1,934,54
15459,1,934,54
15471,1,934,54
15472,1,934,54
15475,1,934,54
15481,1,934,54
15690,1,927,54
15703,1,927,54
15705,1,927,54
15711,1,927,54
15712,1,927,54
15719,1,927,54
15724,1,927,54
15741,1,927,54
15745,1,927,54
15759,1,927,54
15765,1,927,54
15781,1,927,54
15789,1,927,54
15792,1,927,54
15798,1,927,54
15809,1,927,54
15811,1,927,54
15820,1,927,54
15823,1,927,54
15828,1,927,54
15831,1,927,54
15840,1,927,54
15841,1,927,54
15845,1,927,54
15854,1,927,54
15858,1,927,54
15876,1,927,54
15880,1,927,54
15884,1,927,54
15893,1,927,54
15897,1,927,54
15902,1,927,54
15903,1,927,54
16126,1,934,54
14599,1,906,17
14602,1,906,17
14605,1,906,17
14607,1,906,17
14608,1,906,17
14615,1,906,17
14621,1,906,17
14635,1,906,17
14824,1,906,17
14641,1,906,17
14649,1,906,17
14652,1,906,17
14657,1,906,17
14673,1,906,17
14675,1,906,17
14685,1,906,17
14696,1,906,17
14709,1,906,17
14730,1,906,17
14742,1,906,17
14744,1,906,17
14747,1,906,17
14752,1,906,17
14754,1,906,17
14757,1,906,17
14778,1,906,17
14805,1,906,17
14809,1,906,17
14820,1,906,17
14845,1,906,17
14851,1,906,17
14853,1,906,17
14862,1,906,17
14877,1,906,17
14879,1,906,17
15504,1,935,17
15002,1,906,17
14517,1,906,17
14521,1,906,17
14528,1,906,17
14530,1,906,17
14531,1,906,17
14532,1,906,17
14533,1,906,17
14540,1,906,17
15004,1,906,17
15505,1,935,17
15487,1,935,17
15489,1,935,17
15490,1,935,17
15493,1,935,17
15503,1,935,17
15511,1,935,17
15515,1,935,17
15533,1,935,17
15534,1,935,17
15539,1,935,17
15540,1,935,17
15542,1,935,17
15569,1,935,17
15576,1,935,17
15577,1,935,17
15581,1,935,17
15589,1,935,17
15594,1,935,17
15595,1,935,17
15598,1,935,17
15601,1,935,17
15603,1,935,17
15606,1,935,17
15612,1,935,17
15616,1,935,17
15627,1,935,17
15630,1,935,17
15635,1,935,17
15643,1,935,17
15644,1,935,17
15510,1,935,17
15545,1,935,17
15551,1,935,17
15557,1,935,17
15558,1,935,17
15561,1,935,17
15563,1,935,17
15564,1,935,17
15463,1,935,17
15473,1,935,17
15474,1,935,17
14555,1,910,56
14565,1,910,56
14567,1,910,56
14583,1,910,56
14584,1,910,56
14587,1,910,56
14606,1,910,56
14611,1,910,56
14620,1,910,56
14623,1,910,56
14633,1,910,56
14644,1,910,56
14661,1,910,56
14667,1,910,56
14668,1,910,56
14669,1,910,56
14678,1,910,56
14689,1,910,56
14706,1,910,56
14713,1,910,56
14740,1,910,56
14761,1,910,56
14765,1,910,56
14789,1,910,56
14790,1,910,56
14794,1,910,56
14797,1,910,56
14807,1,910,56
14810,1,910,56
14814,1,910,56
14818,1,910,56
14830,1,910,56
14833,1,910,56
14847,1,910,56
14854,1,910,56
14858,1,910,56
14860,1,910,56
14864,1,910,56
14870,1,910,56
14883,1,910,56
15991,1,942,56
15925,1,941,56
15999,1,942,56
13599,1,924,56
13685,1,924,56
13960,1,924,56
14548,1,910,56
13967,1,947,56
13992,1,924,56
14017,1,924,56
14028,1,924,56
14038,1,924,56
14042,1,924,56
14055,1,924,56
14056,1,924,56
14070,1,924,56
14074,1,924,56
14078,1,924,56
14080,1,924,56
14088,1,924,56
14094,1,924,56
14104,1,924,56
14127,1,924,56
14134,1,924,56
14138,1,924,56
14140,1,924,56
14141,1,924,56
14147,1,924,56
14161,1,924,56
14162,1,924,56
14169,1,924,56
14173,1,924,56
14180,1,924,56
14182,1,924,56
14194,1,924,56
14199,1,924,56
14220,1,924,56
14230,1,924,56
14242,1,924,56
14248,1,924,56
14268,1,924,56
14272,1,924,56
14292,1,924,56
14325,1,924,56
14335,1,924,56
14336,1,924,56
14351,1,924,56
14369,1,924,56
14449,1,924,56
15993,1,942,56
14534,1,910,56
14538,1,910,56
14952,1,942,56
15658,1,930,56
15649,1,929,56
15652,1,929,56
15653,1,929,56
15655,1,930,56
15659,1,930,56
15660,1,929,56
15666,1,932,56
16028,1,929,56
15671,1,929,56
15675,1,929,56
15679,1,932,56
15680,1,929,56
15681,1,932,56
15988,1,942,56
15989,1,942,56
15926,1,941,56
15990,1,942,56
15686,1,932,56
15687,1,932,56
15689,1,929,56
15691,1,930,56
15693,1,932,56
15694,1,932,56
15695,1,929,56
15696,1,932,56
15698,1,929,56
15699,1,929,56
15700,1,929,56
15702,1,930,56
15718,1,930,56
15720,1,930,56
15726,1,929,56
15727,1,929,56
15729,1,932,56
15731,1,929,56
15733,1,932,56
15735,1,930,56
15744,1,932,56
15748,1,929,56
15749,1,929,56
15751,1,930,56
15754,1,932,56
15757,1,932,56
15763,1,929,56
15764,1,930,56
15766,1,932,56
15768,1,932,56
15771,1,932,56
15776,1,932,56
15777,1,932,56
15778,1,932,56
15785,1,932,56
15787,1,929,56
15790,1,929,56
15791,1,930,56
15794,1,930,56
15796,1,929,56
15797,1,930,56
15799,1,930,56
15801,1,930,56
15806,1,929,56
15807,1,932,56
15815,1,930,56
15816,1,932,56
15817,1,930,56
15818,1,932,56
15827,1,932,56
15833,1,929,56
15835,1,930,56
15843,1,929,56
15844,1,932,56
15846,1,930,56
15847,1,929,56
15848,1,932,56
15851,1,929,56
15856,1,930,56
15861,1,932,56
15862,1,929,56
15865,1,930,56
15867,1,929,56
15868,1,930,56
15871,1,929,56
15872,1,932,56
15873,1,930,56
15874,1,932,56
15881,1,932,56
15886,1,932,56
15887,1,929,56
15889,1,932,56
15894,1,929,56
15899,1,929,56
15900,1,930,56
15901,1,930,56
15905,1,941,56
15906,1,941,56
15909,1,941,56
15910,1,941,56
15913,1,941,56
15914,1,941,56
15917,1,941,56
15918,1,941,56
15921,1,941,56
15922,1,941,56
15929,1,941,56
15930,1,941,56
15933,1,941,56
15934,1,941,56
15937,1,941,56
15938,1,941,56
15941,1,941,56
15942,1,941,56
15945,1,941,56
15946,1,941,56
15949,1,941,56
15950,1,941,56
15953,1,941,56
15954,1,941,56
15957,1,941,56
15958,1,941,56
15961,1,941,56
15962,1,941,56
15992,1,942,56
16010,1,942,56
16012,1,942,56
16019,1,942,56
15964,1,942,56
15966,1,942,56
15967,1,942,56
15968,1,942,56
15969,1,942,56
15970,1,942,56
15971,1,942,56
15972,1,942,56
15973,1,942,56
15974,1,942,56
15976,1,942,56
15977,1,942,56
15978,1,942,56
15980,1,942,56
15981,1,942,56
15982,1,942,56
15983,1,942,56
15984,1,942,56
15985,1,942,56
15986,1,942,56
15987,1,942,56
16030,1,930,56
16032,1,930,56
16035,1,929,56
16038,1,930,56
16039,1,930,56
16040,1,929,56
16041,1,932,56
16045,1,932,56
16046,1,930,56
16051,1,930,56
16054,1,929,56
16055,1,930,56
16060,1,930,56
16061,1,929,56
16062,1,930,56
16063,1,932,56
16067,1,932,56
16068,1,929,56
16070,1,930,56
16071,1,929,56
16072,1,932,56
16074,1,930,56
16075,1,930,56
16076,1,929,56
16077,1,932,56
16078,1,932,56
16149,1,932,56
16157,1,930,56
14550,1,904,57
14559,1,904,57
14563,1,904,57
14592,1,904,57
14614,1,904,57
14629,1,904,57
14631,1,904,57
14634,1,904,57
14638,1,904,57
14639,1,904,57
14666,1,904,57
14681,1,904,57
14687,1,904,57
14690,1,904,57
14699,1,904,57
14700,1,904,57
14702,1,904,57
14704,1,904,57
14708,1,904,57
14714,1,904,57
14729,1,904,57
14746,1,904,57
14759,1,904,57
14766,1,904,57
14771,1,904,57
14773,1,904,57
14777,1,904,57
14792,1,904,57
14796,1,904,57
14802,1,904,57
14803,1,904,57
14819,1,904,57
14825,1,904,57
14837,1,904,57
14848,1,904,57
14869,1,904,57
14874,1,904,57
14875,1,904,57
14880,1,904,57
15995,1,943,57
13961,1,923,57
13979,1,923,57
13989,1,923,57
13994,1,923,57
14008,1,923,57
14015,1,923,57
16000,1,943,57
14063,1,923,57
14076,1,923,57
14077,1,923,57
14081,1,923,57
14086,1,923,57
14102,1,923,57
14117,1,923,57
14118,1,923,57
14119,1,923,57
14149,1,923,57
14154,1,923,57
14160,1,923,57
14166,1,923,57
14167,1,923,57
14172,1,923,57
14176,1,923,57
14198,1,923,57
14205,1,923,57
14228,1,923,57
14231,1,923,57
14233,1,923,57
14243,1,923,57
14263,1,923,57
14264,1,923,57
14265,1,923,57
14289,1,923,57
14328,1,923,57
14331,1,923,57
14343,1,923,57
14346,1,923,57
14357,1,923,57
14359,1,923,57
14363,1,923,57
14370,1,923,57
14372,1,923,57
14485,1,943,57
14529,1,904,57
14541,1,904,57
15008,1,904,57
15005,1,904,57
15006,1,904,57
15650,1,931,57
15664,1,931,57
15676,1,931,57
15678,1,931,57
15685,1,931,57
16161,1,943,57
15996,1,943,57
16001,1,943,57
15998,1,943,57
15704,1,931,57
15734,1,931,57
15740,1,931,57
15747,1,931,57
15761,1,931,57
15772,1,931,57
15782,1,931,57
15786,1,931,57
15793,1,931,57
15802,1,931,57
15819,1,931,57
15834,1,931,57
15836,1,931,57
15842,1,931,57
15852,1,931,57
15860,1,931,57
16002,1,943,57
15895,1,931,57
15896,1,931,57
15997,1,943,57
16004,1,943,57
16005,1,943,57
16006,1,943,57
16007,1,943,57
16008,1,943,57
16009,1,943,57
16011,1,943,57
16014,1,943,57
16015,1,943,57
16016,1,943,57
16017,1,943,57
16018,1,943,57
16020,1,943,57
16021,1,943,57
16022,1,943,57
16023,1,943,57
16024,1,943,57
16025,1,943,57
16026,1,943,57
16027,1,943,57
15965,1,943,57
15975,1,943,57
15979,1,943,57
16037,1,931,57
16043,1,931,57
16044,1,931,57
16047,1,931,57
16057,1,931,57
16058,1,931,57
16064,1,931,57
16069,1,931,57
16073,1,931,57
16159,1,943,57
16150,1,931,57
14564,1,945,58
14577,1,945,58
14716,1,945,58
13971,1,919,58
14007,1,919,58
14009,1,920,58
14011,1,919,58
14013,1,919,58
14014,1,919,58
14018,1,920,58
14027,1,920,58
14067,1,919,58
14032,1,920,58
14043,1,919,58
14044,1,919,58
14046,1,920,58
14051,1,919,58
14060,1,920,58
14061,1,919,58
14071,1,920,58
14072,1,920,58
14079,1,919,58
14090,1,919,58
14109,1,920,58
14116,1,920,58
14120,1,920,58
14124,1,920,58
14125,1,919,58
14129,1,920,58
14132,1,919,58
14135,1,919,58
14136,1,919,58
14139,1,919,58
14144,1,919,58
14151,1,920,58
14153,1,919,58
14164,1,920,58
14170,1,920,58
14171,1,920,58
14175,1,920,58
14177,1,919,58
14178,1,919,58
14184,1,919,58
14190,1,920,58
14193,1,920,58
14195,1,920,58
14196,1,920,58
14200,1,919,58
14203,1,920,58
14204,1,920,58
14206,1,919,58
14211,1,919,58
14214,1,920,58
14216,1,920,58
14219,1,920,58
14222,1,919,58
14241,1,920,58
14245,1,919,58
14251,1,919,58
14253,1,919,58
14258,1,919,58
14269,1,920,58
14273,1,920,58
14274,1,920,58
14275,1,920,58
14277,1,920,58
14281,1,919,58
14282,1,920,58
14284,1,920,58
14291,1,919,58
15516,1,937,58
14297,1,919,58
14304,1,920,58
14308,1,920,58
14311,1,920,58
14313,1,919,58
14324,1,919,58
14326,1,919,58
14330,1,920,58
14334,1,920,58
14342,1,919,58
14347,1,919,58
14348,1,919,58
14353,1,920,58
14355,1,920,58
14360,1,920,58
14361,1,919,58
14362,1,919,58
14373,1,919,58
14376,1,920,58
14377,1,920,58
15517,1,936,58
16092,1,936,58
15485,1,936,58
15486,1,937,58
15488,1,937,58
15492,1,936,58
15498,1,936,58
15500,1,936,58
15520,1,936,58
15526,1,937,58
15537,1,937,58
15538,1,937,58
15482,1,936,58
15570,1,937,58
15578,1,936,58
15582,1,936,58
15584,1,936,58
15585,1,936,58
15587,1,937,58
15590,1,936,58
15591,1,937,58
15592,1,936,58
15593,1,937,58
15596,1,937,58
15607,1,937,58
15617,1,937,58
15619,1,937,58
15622,1,937,58
15624,1,936,58
15629,1,937,58
15637,1,936,58
15638,1,936,58
15642,1,936,58
15502,1,937,58
15518,1,936,58
15521,1,936,58
15527,1,937,58
15530,1,937,58
15549,1,936,58
15552,1,936,58
15560,1,937,58
15562,1,937,58
15457,1,936,58
15464,1,936,58
15465,1,937,58
15469,1,937,58
15477,1,936,58
15478,1,936,58
16084,1,936,58
16088,1,937,58
16093,1,937,58
16095,1,936,58
16097,1,936,58
16098,1,936,58
16099,1,937,58
16101,1,936,58
16102,1,937,58
16103,1,937,58
16107,1,936,58
16108,1,936,58
16110,1,936,58
16113,1,937,58
16114,1,937,58
16115,1,937,58
16118,1,937,58
16119,1,936,58
16120,1,937,58
16121,1,936,58
16122,1,936,58
16123,1,937,58
16124,1,937,58
16125,1,936,58
16130,1,937,58
16131,1,937,58
16132,1,936,58
16133,1,936,58
16134,1,937,58
16138,1,937,58
16139,1,937,58
16141,1,937,58
16142,1,936,58
16144,1,936,58
16146,1,937,58
16154,1,936,58
16156,1,936,58
16151,1,936,58
16152,1,937,58
