教师ID,教师名,性别,民族,政治面貌,学历,出生日期,联系电话,邮箱
224,水艳,女, 土家族,一般,大学本科,1990/10/1,10185684358,1472835529@qq.com
94,孙缘双,男,汉族,一般,大学本科,1990/10/2,12196436239,1220781626@qq.com
134,张怜云,女,汉族,一般,大学本科,1990/10/3,16550880699,1051014931@qq.com
151,秦安琪,女,汉族,一般,大学本科,1990/10/4,16689965844,1329075336@qq.com
253,凤成倩,男,汉族,一般,大学本科,1990/10/5,14471580309,1060492073@qq.com
262,朱凯敏,女,汉族,一般,大学本科,1990/10/6,18444610027,1897753448@qq.com
329,冯茜,女,汉族,一般,大学本科,1990/10/7,15394044043,1614232534@qq.com
154,陶倩倩,女,汉族,一般,大学本科,1990/10/8,13792278018,1470721884@qq.com
181,许晶,女,汉族,一般,大学本科,1990/10/9,13694050576,1540080985@qq.com
108,尤燕,男,汉族,共产党员,大学本科,1990/10/10,17752825597,1607194583@qq.com
161,曹永珍,男,汉族,共产党员,大学本科,1990/10/15,18527088981,1709777249@qq.com
152,褚蓉,男,汉族,一般,大学本科,1990/10/19,15456864797,1029692051@qq.com
103,水胜敏,女,汉族,一般,大学本科,1990/10/21,15566357151,1525965826@qq.com
66,华聪,女,汉族,一般,大学本科,1990/10/22,19163890241,1884467542@qq.com
78,金瑶,女,汉族,一般,大学本科,1990/10/23,15194324765,1017735020@qq.com
26,孙婉,女,汉族,一般,大学本科,1990/10/24,16823617046,1508906937@qq.com
141,施雨祺,女,汉族,一般,大学本科,1990/10/25,17583988614,1174967265@qq.com
164,韩倩,女,汉族,一般,大学本科,1990/10/26,12210354544,1499561864@qq.com
314,时蓓,男,汉族,一般,大学本科,1990/10/27,19046812802,1776361030@qq.com
178,陶婵,女,汉族,一般,大学本科,1990/10/31,10108179234,1236481643@qq.com
52,秦婵,女,汉族,一般,大学本科,1990/11/11,17737720087,1819671788@qq.com
85,沈孝洁,女,汉族,一般,大学本科,1990/11/12,13571153600,1894520670@qq.com
107,蒋名媛,女,汉族,一般,大学本科,1990/11/13,11976003676,1756986098@qq.com
312,周明露,女,汉族,一般,大学本科,1990/11/18,18448654993,1729500795@qq.com
158,陈雪,女,汉族,共产党员,大学本科,1990/11/20,16718237138,1429554653@qq.com
144,李静娴,男,汉族,一般,大学本科,1990/11/24,14673334280,1774204938@qq.com
259,周桂花,女,汉族,一般,大学本科,1990/11/25,15851107843,1636091966@qq.com
339,赵灿怡,女,汉族,一般,大学本科,1990/11/26,16124527449,1646989915@qq.com
256,淳于洋,男,汉族,一般,大学本科,1990/11/29,11655825091,1165551433@qq.com
53,朱寒雁,女,汉族,一般,大学本科,1990/12/1,14784100517,1604862423@qq.com
84,潘沛文,女,汉族,一般,大学本科,1990/12/2,10756023462,1721071143@qq.com
112,尤婷,男,汉族,一般,大学本科,1990/12/3,15895927649,1593638950@qq.com
340,杨敏,男,汉族,一般,大学本科,1990/12/6,13154352564,1652259509@qq.com
157,严丽丽,女,汉族,共产党员,大学本科,1990/12/10,15067147436,1173266093@qq.com
215,秦元珊,女,汉族,一般,大学本科,1990/12/18,13067605996,1476033011@qq.com
269,姜菜玲,女,汉族,一般,大学本科,1990/12/21,12066368617,1617404742@qq.com
271,沈仪,男,汉族,一般,大学本科,1990/12/22,15824191799,1229593926@qq.com
12,戚媛,男,汉族,一般,大学本科,1990/12/23,11504363757,1495945458@qq.com
185,戚开萍,女,汉族,一般,大学本科,1990/12/25,16151865014,1237204180@qq.com
194,吕莉,男,汉族,一般,大学本科,1990/12/26,11639631228,1888808498@qq.com
14,施采绿,女,汉族,一般,大学本科,1990/12/30,19863256319,1807247112@qq.com
80,曹问筠,男,汉族,一般,大学本科,1991/1/1,16720672181,1384044021@qq.com
51,秦君,男,汉族,一般,大学本科,1991/1/10,16151458031,1693713086@qq.com
73,尤丹珍,男,汉族,一般,大学本科,1991/1/11,12101027981,1319566302@qq.com
328,沈优优,男,汉族,一般,大学本科,1991/1/13,10603419585,1632027046@qq.com
65,杨英,男,汉族,一般,大学本科,1991/1/21,19839077759,1350810804@qq.com
74,戚燕,女,汉族,一般,大学本科,1991/1/22,16921876163,1713557641@qq.com
129,云晶,男,汉族,一般,大学本科,1991/1/23,19023568312,1587902591@qq.com
184,郎莎,男,汉族,一般,大学本科,1991/1/24,13752566354,1086868739@qq.com
338,张纨,男,汉族,一般,大学本科,1991/1/25,10423385447,1521324374@qq.com
213,蒋采绿,男,汉族,一般,大学本科,1991/1/27,15855562825,1138580280@qq.com
182,沈春竹,男,汉族,一般,大学本科,1991/1/28,18675665263,1385218250@qq.com
109,施平夏,女,汉族,一般,大学本科,1991/1/30,11711223681,1539127553@qq.com
56,柏融,女,汉族,一般,大学本科,1991/1/31,12860700544,1587373229@qq.com
79,陈春燕,男,汉族,一般,大学本科,1991/2/1,12784952782,1736612105@qq.com
105,何龙婷,男,汉族,一般,大学本科,1991/2/2,15509040496,1524038264@qq.com
145,何秀丽,男,汉族,共产党员,大学本科,1991/2/3,12335496968,1878463616@qq.com
166,陶紫霜,女,汉族,一般,大学本科,1991/2/4,13638434092,1549725059@qq.com
252,戚筠,男,汉族,一般,大学本科,1991/2/5,10579142499,1136348482@qq.com
54,花功碧,男,汉族,一般,大学本科,1991/2/10,12018027660,1696611476@qq.com
76,钱虹,女,汉族,一般,大学本科,1991/2/11,17993579139,1648837211@qq.com
274,严倩,男,汉族,一般,大学本科,1991/2/12,15028007631,1780334004@qq.com
150,吴眉,男,汉族,一般,大学本科,1991/2/13,15776625642,1056489504@qq.com
307,戚彤,男,汉族,一般,大学本科,1991/2/14,14221488757,1028097216@qq.com
276,尤惜雪,男,汉族,一般,大学本科,1991/2/15,16592829701,1344740779@qq.com
268,钱媛元,男,汉族,共产党员,大学本科,1991/2/19,10491600947,1382348976@qq.com
75,蒋娇娇,男,汉族,一般,大学本科,1991/2/20,14305410993,1266169747@qq.com
124,尤娟,男,汉族,一般,大学本科,1991/2/21,11008526053,1273559208@qq.com
170,施梦,男,汉族,一般,大学本科,1991/2/23,18221755416,1435578378@qq.com
45,曹景燕,女,汉族,一般,大学本科,1991/2/28,12648899860,1459030353@qq.com
72,吕甜,男,汉族,一般,大学本科,1991/3/1,19367119392,1121956620@qq.com
100,金红,女,汉族,一般,大学本科,1991/3/2,11301836636,1505771939@qq.com
249,秦兰兰,女,汉族,一般,大学本科,1991/3/3,12414374474,1345134650@qq.com
168,金瑾,女,汉族,一般,大学本科,1991/3/4,16509933840,1301341767@qq.com
233,朱艳红,女,汉族,一般,大学本科,1991/3/5,13626117437,1710090717@qq.com
50,张静,女,汉族,一般,大学本科,1991/3/10,11026591548,1118773673@qq.com
70,李永珍,女,汉族,一般,大学本科,1991/3/11,10796488742,1525908918@qq.com
225,钱鑫琳,女,汉族,一般,大学本科,1991/3/12,10410489484,1641799447@qq.com
257,于水云,女,汉族,一般,大学本科,1991/3/13,11676462957,1879378775@qq.com
275,褚燕,男,汉族,一般,大学本科,1991/3/14,13214951320,1366501216@qq.com
234,金韵,女,汉族,一般,大学本科,1991/3/15,10989346286,1423424114@qq.com
242,张红萍,女,汉族,一般,大学本科,1991/3/31,19737862204,1021551333@qq.com
17,秦冰彤,女,满族,一般,大学本科,1991/4/2,15327415162,1232168124@qq.com
264,吕尔珍,女,汉族,共产党员,大学本科,1991/4/12,16350595172,1389365971@qq.com
163,钱问筠,女,汉族,一般,大学本科,1991/4/22,14347351254,1877690277@qq.com
219,赵丽,男,汉族,一般,大学本科,1991/5/3,17328055563,1116919917@qq.com
62,杨心菲,男,汉族,一般,大学本科,1991/5/7,11541669283,1502751865@qq.com
316,华平夏,男,汉族,一般,大学本科,1991/5/8,18568238347,1529802476@qq.com
183,吴雨祺,女,汉族,一般,大学本科,1991/5/10,17924534621,1633294863@qq.com
193,王园,男,汉族,一般,大学本科,1991/5/11,12369648752,1294381564@qq.com
180,钱胜珍,女,汉族,一般,大学本科,1991/5/14,19777844911,1105116854@qq.com
64,孔蓉,男,汉族,一般,大学本科,1991/5/17,10506658529,1839969604@qq.com
95,吴黛,男,汉族,共产党员,大学本科,1991/5/18,18482492054,1639164487@qq.com
106,李帮菊,男,汉族,一般,大学本科,1991/5/19,17781755125,1091617244@qq.com
146,陶寻南,女,汉族,一般,大学本科,1991/5/20,15753907069,1202039850@qq.com
172,曹妍,女,汉族,一般,大学本科,1991/5/21,15406290380,1306365162@qq.com
174,许兰燕,女,汉族,一般,大学本科,1991/5/22,12991995391,1094399936@qq.com
188,韦瑶,女,汉族,一般,大学本科,1991/5/23,17561938864,1066722524@qq.com
196,施访枫,女,汉族,一般,大学本科,1991/5/24,11655819722,1414278249@qq.com
223,吕火英,女,汉族,一般,大学本科,1991/5/29,16988594406,1650131169@qq.com
116,俞红燕,女,汉族,一般,大学本科,1991/5/30,18876555771,1765938080@qq.com
245,沈春萍,男,汉族,一般,大学本科,1991/6/1,11666787119,1031488793@qq.com
171,郑苑,女,汉族,一般,大学本科,1991/6/4,16123664334,1832274011@qq.com
57,许程悦,女,汉族,一般,大学本科,1991/6/14,13701129215,1148394258@qq.com
246,周昭东,男,汉族,一般,大学本科,1991/6/15,18370053630,1828306295@qq.com
333,戚纨,女,汉族,一般,大学本科,1991/6/16,17179293851,1585751943@qq.com
148,苗艺,男,汉族,一般,大学本科,1991/6/17,17546897568,1035835533@qq.com
167,沈乐萱,男,汉族,一般,大学本科,1991/6/18,15377299932,1793189586@qq.com
187,严政群,男,汉族,一般,大学本科,1991/6/20,11672580823,1543083972@qq.com
119,柳慧娟,男,汉族,一般,大学本科,1991/6/26,18923347858,1148256084@qq.com
266,东门夏青,女,汉族,一般,大学本科,1991/6/27,17656721325,1813439874@qq.com
192,冯秋,男,汉族,一般,大学本科,1991/7/8,12945894577,1184642938@qq.com
334,戚洪静,男,汉族,一般,大学本科,1991/7/10,10592482540,1642531800@qq.com
83,申黄萍,男,汉族,一般,大学本科,1991/7/11,16772557724,1789108629@qq.com
272,韩①,女,汉族,一般,大学本科,1991/7/12,15612118623,1708502831@qq.com
265,章姚,女,汉族,一般,大学本科,1991/7/13,10514549839,1055392890@qq.com
281,吴南莲,女,汉族,一般,大学本科,1991/7/17,11960113423,1396910622@qq.com
117,沈美丽,男,汉族,一般,大学本科,1991/7/22,12123603003,1113856631@qq.com
159,孔滢,女,汉族,一般,大学本科,1991/7/27,17600467548,1693290000@qq.com
49,沈成倩,女,汉族,一般,大学本科,1991/8/5,11049660125,1539777072@qq.com
243,富易梦,女,汉族,共产党员,大学本科,1991/8/6,11243268127,1077286294@qq.com
128,陈红燕,女,汉族,一般,大学本科,1991/8/7,17719102137,1173103446@qq.com
337,彭丽丽,男,汉族,一般,大学本科,1991/8/11,10399769515,1763311664@qq.com
226,秦尔珍,女,汉族,一般,大学本科,1991/8/19,18998202250,1863175972@qq.com
98,施瑶,女,汉族,一般,大学本科,1991/8/20,18053991336,1288480170@qq.com
248,唐黛,女,汉族,一般,大学本科,1991/8/21,17104101853,1419344580@qq.com
326,何朱婷,女,汉族,一般,大学本科,1991/8/22,17665985305,1049298648@qq.com
197,赵瑶,女,汉族,一般,大学本科,1991/8/25,10538886588,1776995263@qq.com
220,曹琼琼,男,汉族,一般,大学本科,1991/8/29,16188682539,1737031196@qq.com
58,杨荔,女,汉族,一般,大学本科,1991/8/31,16016855682,1646768183@qq.com
71,杨丽,女,汉族,一般,大学本科,1991/9/1,11257472427,1184962598@qq.com
229,朱阳涌,男,汉族,一般,大学本科,1991/9/2,13861099250,1548329740@qq.com
189,周蕊,女,汉族,一般,大学本科,1991/9/6,13067850320,1568908541@qq.com
97,施梦娇,女,汉族,一般,大学本科,1991/9/12,10615303826,1014524642@qq.com
228,冯夜白,女,汉族,共产党员,大学本科,1991/9/15,13415708615,1028181948@qq.com
2,孙之瑶,女,汉族,一般,大学本科,1991/9/16,19426433772,1254476150@qq.com
273,严英,女,汉族,一般,大学本科,1991/9/25,18391218557,1862832338@qq.com
101,曹舒,女,汉族,一般,大学本科,1991/5/20,15753907069,1202039850@qq.com
46,朱安琪,女,汉族,一般,大学本科,1991/5/21,15406290380,1306365162@qq.com
6,尤洪丽,女,汉族,一般,大学本科,1991/5/22,12991995391,1094399936@qq.com
345,金蓉,女,汉族,一般,大学本科,1991/5/23,17561938864,1066722524@qq.com
346,余武琴,女,汉族,一般,大学本科,1991/5/24,11655819722,1414278249@qq.com
149,孔芯蕊,女,汉族,一般,大学本科,1991/5/29,16988594406,1650131169@qq.com
24,吴娴,女,汉族,一般,大学本科,1991/5/30,18876555771,1765938080@qq.com
102,尤大芬,男,汉族,一般,大学本科,1991/6/1,11666787119,1031488793@qq.com
198,何迎曼,女,汉族,一般,大学本科,1991/6/4,16123664334,1832274011@qq.com
111,郑静雯,女,汉族,一般,大学本科,1991/6/14,13701129215,1148394258@qq.com
267,吴慧,男,汉族,一般,大学本科,1991/6/15,18370053630,1828306295@qq.com
371,李瑶,女,汉族,一般,大学本科,1991/6/16,17179293851,1585751943@qq.com
370,吕虹霖,男,汉族,一般,大学本科,1991/6/17,17546897568,1035835533@qq.com
369,金光萍,男,汉族,一般,大学本科,1991/6/18,15377299932,1793189586@qq.com
373,卫昌菊,男,汉族,一般,大学本科,1991/6/20,11672580823,1543083972@qq.com
186,姜秀芳,男,汉族,一般,大学本科,1991/6/26,18923347858,1148256084@qq.com
372,朱醉薇,女,汉族,一般,大学本科,1991/6/27,17656721325,1813439874@qq.com
341,朱灿灿,男,汉族,一般,大学本科,1991/7/8,12945894577,1184642938@qq.com
240,邹梅梅,男,汉族,一般,大学本科,1991/7/10,10592482540,1642531800@qq.com
376,云荷,男,汉族,一般,大学本科,1991/7/11,16772557724,1789108629@qq.com
383,郑锦,女,汉族,一般,大学本科,1991/7/12,15612118623,1708502831@qq.com
389,陶秋,女,汉族,一般,大学本科,1991/7/13,10514549839,1055392890@qq.com
384,沈瑗,女,汉族,一般,大学本科,1991/7/17,11960113423,1396910622@qq.com
380,张翠柔,男,汉族,一般,大学本科,1991/7/22,12123603003,1113856631@qq.com
113,许秋,女,汉族,一般,大学本科,1991/7/27,17600467548,1693290000@qq.com
162,姜佳玲,女,汉族,一般,大学本科,1991/8/5,11049660125,1539777072@qq.com
382,尤梅梅,女,汉族,共产党员,大学本科,1991/8/6,11243268127,1077286294@qq.com
388,褚翠翠,女,汉族,一般,大学本科,1991/8/7,17719102137,1173103446@qq.com
381,冯宛海,男,汉族,一般,大学本科,1991/8/11,10399769515,1763311664@qq.com
270,华传敏,女,汉族,一般,大学本科,1991/8/19,18998202250,1863175972@qq.com
299,钱含玉,女,汉族,一般,大学本科,1991/8/20,18053991336,1288480170@qq.com
409,戚瑶,女,汉族,一般,大学本科,1991/8/21,17104101853,1419344580@qq.com
417,公羊梦,女,汉族,一般,大学本科,1991/8/22,17665985305,1049298648@qq.com
420,吴莉,女,汉族,一般,大学本科,1991/8/25,10538886588,1776995263@qq.com
413,於明珠,男,汉族,一般,大学本科,1991/8/29,16188682539,1737031196@qq.com
407,华翠翠,女,汉族,一般,大学本科,1991/8/31,16016855682,1646768183@qq.com
410,吴思,女,汉族,一般,大学本科,1991/9/1,11257472427,1184962598@qq.com
421,陶欣怡,男,汉族,一般,大学本科,1991/9/2,13861099250,1548329740@qq.com
394,仰舒,女,汉族,一般,大学本科,1991/9/6,13067850320,1568908541@qq.com
403,赵甜,女,汉族,一般,大学本科,1991/9/12,10615303826,1014524642@qq.com
402,朱思,女,汉族,共产党员,大学本科,1991/9/15,13415708615,1028181948@qq.com
414,李仪,女,汉族,一般,大学本科,1991/9/16,19426433772,1254476150@qq.com
393,曹开凤,女,汉族,一般,大学本科,1991/9/25,18391218557,1862832338@qq.com
418,赵娟,女,汉族,一般,大学本科,1991/8/22,17665985305,1049298648@qq.com
416,王阳涌,女,汉族,一般,大学本科,1991/8/25,10538886588,1776995263@qq.com
399,孔优优,男,汉族,一般,大学本科,1991/8/29,16188682539,1737031196@qq.com
423,况景玉,女,汉族,一般,大学本科,1991/8/31,16016855682,1646768183@qq.com
419,陈翡翠,女,汉族,一般,大学本科,1991/9/1,11257472427,1184962598@qq.com
429,陈桂,男,汉族,一般,大学本科,1991/9/2,13861099250,1548329740@qq.com
404,许丹,女,汉族,一般,大学本科,1991/9/6,13067850320,1568908541@qq.com
405,卫念念,女,汉族,一般,大学本科,1991/9/12,10615303826,1014524642@qq.com
406,严翠柔,女,汉族,共产党员,大学本科,1991/9/15,13415708615,1028181948@qq.com
